<info>
  <0>
    <cust_category>19. Mediation</cust_category>
    <customer>221</customer>
    <date>
      <date>20090227</date>
      <time>095147</time>
    </date>
    <desc>UDR Server installation</desc>
    <incharge>
      <email>doina.rosu@mindcti.com</email>
      <first_name>Doina</first_name>
      <last_name>Rosu-Savinoiu</last_name>
    </incharge>
    <last_date>
      <date>20090227</date>
      <time>095147</time>
    </last_date>
    <mind_category>DD Processor</mind_category>
    <number>1244</number>
    <priority>
      <color>       </color>
      <desc>Standard</desc>
    </priority>
    <solution>Dear Mehmet,

We have configured the Default agent on 10.100.99.25 to use the same export template and configurations as the one on test environment (according to your request). As well we have scheduled the export to start daily at 2:00.

Please note that the agent is active and it started exporting CDRs in the configured location. Since the application did not run for a long time it will start exporting from the last exported CDR from production environment. 

Kindly monitor the export from your side and unless there are any other issues concerning the matter that need our assistance kindly close the SR from your side too.

Best regards,
</solution>
    <subject>UDR Server installation</subject>
    <type>BUG</type>
  </0>
  <1>
    <customer_contact>
      <department>Billing</department>
      <email>visp@koc.net</email>
      <first_name>Zeliha</first_name>
      <last_name>Ovali</last_name>
      <position>yahooID:zelihao</position>
    </customer_contact>
    <date>
      <date>20090227</date>
      <time>095147</time>
    </date>
    <description>
      <T1>#### Opened by MIND engineer Doina Rosu-Savinoiu</T1>
    </description>
    <event>
      <code>ARR</code>
      <desc>Incoming Support Call</desc>
    </event>
    <person></person>
    <reference></reference>
    <short_desc>Incoming Support Call from Zeliha Ovali</short_desc>
    <show_to_customer>1</show_to_customer>
    <status>
      <code>ARR</code>
      <desc>New Letter Arrived</desc>
    </status>
  </1>
  <10>
    <customer_contact>
      <department>Billing</department>
      <email>visp@koc.net</email>
      <first_name>Zeliha</first_name>
      <last_name>Ovali</last_name>
      <position>yahooID:zelihao</position>
    </customer_contact>
    <date>
      <date>20090302</date>
      <time>164931</time>
    </date>
    <description>
      <T1>Subject: UDR Server installation
Date:     02/03/2009

Dear Zeliha,

The UDR server and admin are both installed on Windows machine (10.100.99.25).
We are still working on moving the server on 10.100.99.15 machine as well as preparing the format you request for the exported CDRs.
We will let you know about the progress of this matter.

Best regards,


Doina Rosu-Savinoiu
MIND CTI Support Center
Support Specialist

*************************************************
Service Call Data:
Number:    Kocnet / 1244
Received:          27/02/2009
Current Status:   Work in Process
*************************************************
PLEASE DO NOT REPLY TO THIS EMAIL - Use the CRM</T1>
    </description>
    <event>
      <code>TBF</code>
      <desc>Phone Call / Mail</desc>
    </event>
    <person>
      <email>doina.rosu@mindcti.com</email>
      <first_name>Doina</first_name>
      <last_name>Rosu-Savinoiu</last_name>
    </person>
    <reference></reference>
    <short_desc>Phone Call / Mail From Doina Rosu-Savinoiu</short_desc>
    <show_to_customer>1</show_to_customer>
    <status>
      <code>RFI</code>
      <desc>Req Further Investigation</desc>
    </status>
  </10>
  <11>
    <customer_contact>
      <department>Billing</department>
      <email>visp@koc.net</email>
      <first_name>Zeliha</first_name>
      <last_name>Ovali</last_name>
      <position>yahooID:zelihao</position>
    </customer_contact>
    <date>
      <date>20090302</date>
      <time>170034</time>
    </date>
    <description>
      <T1>Subject: UDR Server installation
Date:     02/03/2009

Hi Marinel,

Please aprove bug B90727 - UDR Server installation - fail to setup the java SDK path in installer on Solaris

Regards,

Cristian Serban
MIND CTI Support Center
Support Specialist

*************************************************
Service Call Data:
Number:    Kocnet / 1244
Received:          27/02/2009
Current Status:   Work in Process
*************************************************
PLEASE DO NOT REPLY TO THIS EMAIL - Use the CRM</T1>
    </description>
    <event>
      <code>TBF</code>
      <desc>Internal Note</desc>
    </event>
    <person>
      <email>cristian.serban@mindcti.com</email>
      <first_name>Cristian</first_name>
      <last_name>Serban</last_name>
    </person>
    <reference>
      <ref1>B90727</ref1>
      <ref2> </ref2>
    </reference>
    <short_desc>Internal Note From Cristian Serban</short_desc>
    <show_to_customer>0</show_to_customer>
    <status>
      <code>BUG</code>
      <desc>Software BUG</desc>
    </status>
  </11>
  <12>
    <customer_contact>
      <department>Billing</department>
      <email>visp@koc.net</email>
      <first_name>Zeliha</first_name>
      <last_name>Ovali</last_name>
      <position>yahooID:zelihao</position>
    </customer_contact>
    <date>
      <date>20090304</date>
      <time>100028</time>
    </date>
    <description>
      <T1>Subject: UDR Server installation
Date:     04/03/2009

Hi All,

There is another Bug on the matter
&quot;B90754 - CALLDATE is missing &amp; wrong format for CALLTIME in exported UDR files [KocNet]&quot;

Best regards,

Doina Rosu-Savinoiu
MIND CTI Support Center
Support Specialist

*************************************************
Service Call Data:
Number:    Kocnet / 1244
Received:          27/02/2009
Current Status:   Work in Process
*************************************************
PLEASE DO NOT REPLY TO THIS EMAIL - Use the CRM</T1>
    </description>
    <event>
      <code>TBF</code>
      <desc>Internal Note</desc>
    </event>
    <person>
      <email>doina.rosu@mindcti.com</email>
      <first_name>Doina</first_name>
      <last_name>Rosu-Savinoiu</last_name>
    </person>
    <reference>
      <ref1>B90754</ref1>
      <ref2> </ref2>
    </reference>
    <short_desc>Internal Note From Doina Rosu-Savinoiu</short_desc>
    <show_to_customer>0</show_to_customer>
    <status>
      <code>BUG</code>
      <desc>Software BUG</desc>
    </status>
  </12>
  <13>
    <customer_contact>
      <department>Billing</department>
      <email>visp@koc.net</email>
      <first_name>Zeliha</first_name>
      <last_name>Ovali</last_name>
      <position>yahooID:zelihao</position>
    </customer_contact>
    <date>
      <date>20090304</date>
      <time>114253</time>
    </date>
    <description>
      <T1>Subject: UDR Server installation
Date:     04/03/2009

Dear Zeliha,

We have configured the UDR application on Windows machine (10.100.99.25) to export the CDRs in the format you requested. 
Kindly check from your side and let us know if there is anything concerning the matter that needs our attention.

Concerning the Unix installation we will try to perform it after the service pack will be performed on production.

Best regards,


Doina Rosu-Savinoiu
MIND CTI Support Center
Support Specialist

*************************************************
Service Call Data:
Number:    Kocnet / 1244
Received:          27/02/2009
Current Status:   Work in Process
*************************************************
PLEASE DO NOT REPLY TO THIS EMAIL - Use the CRM</T1>
    </description>
    <event>
      <code>TBF</code>
      <desc>Phone Call / Mail</desc>
    </event>
    <person>
      <email>doina.rosu@mindcti.com</email>
      <first_name>Doina</first_name>
      <last_name>Rosu-Savinoiu</last_name>
    </person>
    <reference></reference>
    <short_desc>Phone Call / Mail From Doina Rosu-Savinoiu</short_desc>
    <show_to_customer>1</show_to_customer>
    <status>
      <code>BUG</code>
      <desc>Software BUG</desc>
    </status>
  </13>
  <14>
    <customer_contact>
      <department>Billing</department>
      <email>visp@koc.net</email>
      <first_name>Zeliha</first_name>
      <last_name>Ovali</last_name>
      <position>yahooID:zelihao</position>
    </customer_contact>
    <date>
      <date>20090304</date>
      <time>114306</time>
    </date>
    <description></description>
    <event>
      <code>KPS</code>
      <desc>Basic Data Changed</desc>
    </event>
    <person>
      <email>doina.rosu@mindcti.com</email>
      <first_name>Doina</first_name>
      <last_name>Rosu-Savinoiu</last_name>
    </person>
    <reference></reference>
    <short_desc>Basic Data Changed By Doina Rosu-Savinoiu</short_desc>
    <show_to_customer>1</show_to_customer>
    <status>
      <code>BUG</code>
      <desc>Software BUG</desc>
    </status>
  </14>
  <15>
    <customer_contact>
      <department>Billing</department>
      <email>visp@koc.net</email>
      <first_name>Zeliha</first_name>
      <last_name>Ovali</last_name>
      <position>yahooID:zelihao</position>
    </customer_contact>
    <date>
      <date>20090305</date>
      <time>165440</time>
    </date>
    <description>
      <T1>Subject: UDR Server installation
Date:     05/03/2009

Dear Zeliha,

We have configured the UDR application to export the CDRs at every 15 minutes. 
Due to performance issue that might appear, we have set it to start with the CDRs from 1st of March 2009.

Kindly monitor the free space on the machine and move/archive the old files.

The installation on Unix machine will be done after the SP upgrade.

Please update us in case you need any other information concerning the matter.

Best regards,


Doina Rosu-Savinoiu
MIND CTI Support Center
Support Specialist

*************************************************
Service Call Data:
Number:    Kocnet / 1244
Received:          27/02/2009
Current Status:   Work in Process
*************************************************
PLEASE DO NOT REPLY TO THIS EMAIL - Use the CRM</T1>
    </description>
    <event>
      <code>TBF</code>
      <desc>Phone Call / Mail</desc>
    </event>
    <person>
      <email>doina.rosu@mindcti.com</email>
      <first_name>Doina</first_name>
      <last_name>Rosu-Savinoiu</last_name>
    </person>
    <reference></reference>
    <short_desc>Phone Call / Mail From Doina Rosu-Savinoiu</short_desc>
    <show_to_customer>1</show_to_customer>
    <status>
      <code>BUG</code>
      <desc>Software BUG</desc>
    </status>
  </15>
  <16>
    <customer_contact>
      <department>Billing</department>
      <email>visp@koc.net</email>
      <first_name>Zeliha</first_name>
      <last_name>Ovali</last_name>
      <position>yahooID:zelihao</position>
    </customer_contact>
    <date>
      <date>20090309</date>
      <time>125023</time>
    </date>
    <description>
      <T1>Subject: UDR Server installation
Date:     09/03/2009

Hi All,

After Zeliha contacted and informed me that it is something wrong with the UDR server and it is not exporting anymore, we have increased the mx of the JBoss on UDR server from 512  to 1024 as it received &quot;Java heap space&quot; error (it took 27 minutes for JBoss to start).

Best regards,

Doina Rosu-Savinoiu
MIND CTI Support Center
Support Specialist

*************************************************
Service Call Data:
Number:    Kocnet / 1244
Received:          27/02/2009
Current Status:   Work in Process
*************************************************
PLEASE DO NOT REPLY TO THIS EMAIL - Use the CRM</T1>
    </description>
    <event>
      <code>TBF</code>
      <desc>Internal Note</desc>
    </event>
    <person>
      <email>doina.rosu@mindcti.com</email>
      <first_name>Doina</first_name>
      <last_name>Rosu-Savinoiu</last_name>
    </person>
    <reference></reference>
    <short_desc>Internal Note From Doina Rosu-Savinoiu</short_desc>
    <show_to_customer>0</show_to_customer>
    <status>
      <code>RFI</code>
      <desc>Req Further Investigation</desc>
    </status>
  </16>
  <17>
    <customer_contact>
      <department>Billing</department>
      <email>visp@koc.net</email>
      <first_name>Zeliha</first_name>
      <last_name>Ovali</last_name>
      <position>yahooID:zelihao</position>
    </customer_contact>
    <date>
      <date>20090312</date>
      <time>162833</time>
    </date>
    <description></description>
    <event>
      <code>KPS</code>
      <desc>Basic Data Changed</desc>
    </event>
    <person>
      <email>doina.rosu@mindcti.com</email>
      <first_name>Doina</first_name>
      <last_name>Rosu-Savinoiu</last_name>
    </person>
    <reference></reference>
    <short_desc>Basic Data Changed By Doina Rosu-Savinoiu</short_desc>
    <show_to_customer>1</show_to_customer>
    <status>
      <code>BUG</code>
      <desc>Software BUG</desc>
    </status>
  </17>
  <18>
    <customer_contact>
      <department>Billing</department>
      <email>visp@koc.net</email>
      <first_name>Zeliha</first_name>
      <last_name>Ovali</last_name>
      <position>yahooID:zelihao</position>
    </customer_contact>
    <date>
      <date>20090312</date>
      <time>162833</time>
    </date>
    <description></description>
    <event>
      <code>KPS</code>
      <desc>Change Of Status</desc>
    </event>
    <person>
      <email>doina.rosu@mindcti.com</email>
      <first_name>Doina</first_name>
      <last_name>Rosu-Savinoiu</last_name>
    </person>
    <reference></reference>
    <short_desc>Change Of Status from Req Further Investigation To</short_desc>
    <show_to_customer>1</show_to_customer>
    <status>
      <code>BUG</code>
      <desc>Software BUG</desc>
    </status>
  </18>
  <19>
    <customer_contact>
      <department>Billing</department>
      <email>visp@koc.net</email>
      <first_name>Zeliha</first_name>
      <last_name>Ovali</last_name>
      <position>yahooID:zelihao</position>
    </customer_contact>
    <date>
      <date>20090326</date>
      <time>184446</time>
    </date>
    <description>
      <T1>Subject: UDR Server installation
Date:     26/03/2009

Dear All,

We are waiting for the SP25.001 release (where B90727 - UDR Server installation - fail to setup the java SDK path in installer on Solaris - is fixed).
After the SP will be available, we will test the installed locally on a unix machine and if everything is ok, we will install it on customer side.

Best regards,

Doina Rosu-Savinoiu
MIND CTI Support Center
Support Specialist

*************************************************
Service Call Data:
Number:    Kocnet / 1244
Received:          27/02/2009
Current Status:   Work in Process
*************************************************
PLEASE DO NOT REPLY TO THIS EMAIL - Use the CRM</T1>
    </description>
    <event>
      <code>TBF</code>
      <desc>Internal Note</desc>
    </event>
    <person>
      <email>doina.rosu@mindcti.com</email>
      <first_name>Doina</first_name>
      <last_name>Rosu-Savinoiu</last_name>
    </person>
    <reference></reference>
    <short_desc>Internal Note From Doina Rosu-Savinoiu</short_desc>
    <show_to_customer>0</show_to_customer>
    <status>
      <code>RFI</code>
      <desc>Req Further Investigation</desc>
    </status>
  </19>
  <2>
    <customer_contact></customer_contact>
    <date>
      <date>20090227</date>
      <time>095158</time>
    </date>
    <description></description>
    <event>
      <code>KPS</code>
      <desc>Change Of In Charge</desc>
    </event>
    <person>
      <email>doina.rosu@mindcti.com</email>
      <first_name>Doina</first_name>
      <last_name>Rosu-Savinoiu</last_name>
    </person>
    <reference></reference>
    <short_desc>Change In Charge  To Rosu-Savinoiu Doina</short_desc>
    <show_to_customer>0</show_to_customer>
    <status>
      <code>ARR</code>
      <desc>New Letter Arrived</desc>
    </status>
  </2>
  <20>
    <customer_contact>
      <department>Billing</department>
      <email>visp@koc.net</email>
      <first_name>Zeliha</first_name>
      <last_name>Ovali</last_name>
      <position>yahooID:zelihao</position>
    </customer_contact>
    <date>
      <date>20090326</date>
      <time>184457</time>
    </date>
    <description></description>
    <event>
      <code>KPS</code>
      <desc>Basic Data Changed</desc>
    </event>
    <person>
      <email>doina.rosu@mindcti.com</email>
      <first_name>Doina</first_name>
      <last_name>Rosu-Savinoiu</last_name>
    </person>
    <reference></reference>
    <short_desc>Basic Data Changed By Doina Rosu-Savinoiu</short_desc>
    <show_to_customer>1</show_to_customer>
    <status>
      <code>BUG</code>
      <desc>Software BUG</desc>
    </status>
  </20>
  <21>
    <customer_contact>
      <department>Billing</department>
      <email>visp@koc.net</email>
      <first_name>Zeliha</first_name>
      <last_name>Ovali</last_name>
      <position>yahooID:zelihao</position>
    </customer_contact>
    <date>
      <date>20090326</date>
      <time>184457</time>
    </date>
    <description></description>
    <event>
      <code>KPS</code>
      <desc>Change Of Status</desc>
    </event>
    <person>
      <email>doina.rosu@mindcti.com</email>
      <first_name>Doina</first_name>
      <last_name>Rosu-Savinoiu</last_name>
    </person>
    <reference></reference>
    <short_desc>Change Of Status from Req Further Investigation To</short_desc>
    <show_to_customer>1</show_to_customer>
    <status>
      <code>BUG</code>
      <desc>Software BUG</desc>
    </status>
  </21>
  <22>
    <customer_contact>
      <department>Billing</department>
      <email>visp@koc.net</email>
      <first_name>Zeliha</first_name>
      <last_name>Ovali</last_name>
      <position>yahooID:zelihao</position>
    </customer_contact>
    <date>
      <date>20090330</date>
      <time>111113</time>
    </date>
    <description>
      <T1>Subject: UDR Server installation
Date:     30/03/2009

Dear Zeliha,

As per our online conversation please update us if and when UDR Server can be installed on the backup RTS machine 10.100.99.13.

Best regards,

Ciprian Teiosanu
MIND CTI Support Center
Support Team Leader

*************************************************
Service Call Data:
Number:    Kocnet / 1244
Received:          27/02/2009
Current Status:   Work in Process
*************************************************
PLEASE DO NOT REPLY TO THIS EMAIL - Use the CRM</T1>
    </description>
    <event>
      <code>TBF</code>
      <desc>Phone Call / Mail</desc>
    </event>
    <person>
      <email>ciprian.teiosanu@mindcti.com</email>
      <first_name>Ciprian</first_name>
      <last_name>Teiosanu</last_name>
    </person>
    <reference></reference>
    <short_desc>Phone Call / Mail From Ciprian Teiosanu</short_desc>
    <show_to_customer>1</show_to_customer>
    <status>
      <code>BUG</code>
      <desc>Software BUG</desc>
    </status>
  </22>
  <23>
    <customer_contact>
      <department>Billing</department>
      <email>visp@koc.net</email>
      <first_name>Zeliha</first_name>
      <last_name>Ovali</last_name>
      <position>yahooID:zelihao</position>
    </customer_contact>
    <date>
      <date>20090401</date>
      <time>095311</time>
    </date>
    <description>
      <T1>Hello,
Please install the UDR application on 10.100.99.13 rts backup server.
Please also note that we have to extract data from August. So after installation we may consider forward the connection to another database to extract the CDR files inorder not to load the production environment.
Furthermore, we are waiting for the excel document answers with your corresponding Mind equivalence.
Regards,
Zeliha</T1>
    </description>
    <event>
      <code>ARR</code>
      <desc>Incoming Support Call</desc>
    </event>
    <person></person>
    <reference></reference>
    <short_desc>Incoming Support Call From Zeliha Ovali</short_desc>
    <show_to_customer>1</show_to_customer>
    <status>
      <code>ARR</code>
      <desc>New Letter Arrived</desc>
    </status>
  </23>
  <24>
    <customer_contact>
      <department>Billing</department>
      <email>visp@koc.net</email>
      <first_name>Zeliha</first_name>
      <last_name>Ovali</last_name>
      <position>yahooID:zelihao</position>
    </customer_contact>
    <date>
      <date>20090401</date>
      <time>184012</time>
    </date>
    <description>
      <T1>Subject: UDR Server installation
Date:     01/04/2009

Dear Zeliha,

We have installed UDR Server on 10.100.99.13 machine and set it to point to test DB for now.
As you have mentioned that we will have to forward the connection to another database to extract the CDR files from August, kindly provide us the connection details in order to configure the application.

Looking forward for your early reply.

Best regards,

Doina Rosu-Savinoiu
MIND CTI Support Center
Support Specialist

*************************************************
Service Call Data:
Number:    Kocnet / 1244
Received:          27/02/2009
Current Status:   Waiting for Information from You
*************************************************
PLEASE DO NOT REPLY TO THIS EMAIL - Use the CRM</T1>
    </description>
    <event>
      <code>TBF</code>
      <desc>Phone Call / Mail</desc>
    </event>
    <person>
      <email>doina.rosu@mindcti.com</email>
      <first_name>Doina</first_name>
      <last_name>Rosu-Savinoiu</last_name>
    </person>
    <reference></reference>
    <short_desc>Phone Call / Mail From Doina Rosu-Savinoiu</short_desc>
    <show_to_customer>1</show_to_customer>
    <status>
      <code>WFI</code>
      <desc>Waiting Further Information</desc>
    </status>
  </24>
  <25>
    <customer_contact>
      <department>Billing</department>
      <email>visp@koc.net</email>
      <first_name>Zeliha</first_name>
      <last_name>Ovali</last_name>
      <position>yahooID:zelihao</position>
    </customer_contact>
    <date>
      <date>20090402</date>
      <time>100357</time>
    </date>
    <description>
      <T1>Hello,
For the previous months we can get the CDRs from tango2 readonly-redundant database which has the following connection settings; After that we may need to configure the extraction files as we did on .25 (File names needs to be configured by cdr calldate as well.)
Regards,
Zeliha
second =
  (DESCRIPTION =
    (ADDRESS_LIST =
      (ADDRESS = (PROTOCOL = TCP)(HOST =81.8.86.68)(PORT = 1521))
    )
    (CONNECT_DATA =
      (SERVER = DEDICATED)
      (SID = second)
    )
  )
</T1>
    </description>
    <event>
      <code>ARR</code>
      <desc>Incoming Support Call</desc>
    </event>
    <person></person>
    <reference></reference>
    <short_desc>Incoming Support Call From Zeliha Ovali</short_desc>
    <show_to_customer>1</show_to_customer>
    <status>
      <code>ARR</code>
      <desc>New Letter Arrived</desc>
    </status>
  </25>
  <26>
    <customer_contact>
      <department>Billing</department>
      <email>visp@koc.net</email>
      <first_name>Zeliha</first_name>
      <last_name>Ovali</last_name>
      <position>yahooID:zelihao</position>
    </customer_contact>
    <date>
      <date>20090402</date>
      <time>100720</time>
    </date>
    <description>
      <T1>Hello,
This readonly database is up and running between 08:00-20:00. After these hours it is closed because of data transfers.
Regards,
Zeliha</T1>
    </description>
    <event>
      <code>ARR</code>
      <desc>Incoming Support Call</desc>
    </event>
    <person></person>
    <reference></reference>
    <short_desc>Incoming Support Call From Zeliha Ovali</short_desc>
    <show_to_customer>1</show_to_customer>
    <status>
      <code>ARR</code>
      <desc>New Letter Arrived</desc>
    </status>
  </26>
  <27>
    <customer_contact>
      <department>Billing</department>
      <email>visp@koc.net</email>
      <first_name>Zeliha</first_name>
      <last_name>Ovali</last_name>
      <position>yahooID:zelihao</position>
    </customer_contact>
    <date>
      <date>20090402</date>
      <time>154148</time>
    </date>
    <description>
      <T1>Subject: UDR Server installation
Date:     02/04/2009

Dear Zeliha,

We have configured the UDR Server (on 10.100.99.13) as well as the UDR Admin (10.100.99.25) to point to 10.100.99.44:1521:second.
As you have mentioned, that it is a read-only schema but the application needs to update some internal parameters.
Kindly disable the read-only option in order to be able to configure the application for export.

Note that because UDR Admin is a Delphi application it uses BDE Admin to connect to DB. As far as I have seen, there are other Delphi applications on that machine (as Admin module for example).
The BDE configuration is global, per machine, and we do not advice you to use this configuration since there is the possibility that someone not to check the BDE configuration before opening a Delphi application and update the wrong schema
You should check each time an application is started (Delphi apps) on which DB it is running.

Kindly update us with the export procedure after we will have write access also. Is it fine for you to export CDRs from August till March (including) from that schema and after that point the UDR to production DB and continue with automatic export?

Looking forward for your early reply.

Best regards,


Doina Rosu-Savinoiu
MIND CTI Support Center
Support Specialist

*************************************************
Service Call Data:
Number:    Kocnet / 1244
Received:          27/02/2009
Current Status:   Waiting for Information from You
*************************************************
PLEASE DO NOT REPLY TO THIS EMAIL - Use the CRM</T1>
    </description>
    <event>
      <code>TBF</code>
      <desc>Phone Call / Mail</desc>
    </event>
    <person>
      <email>doina.rosu@mindcti.com</email>
      <first_name>Doina</first_name>
      <last_name>Rosu-Savinoiu</last_name>
    </person>
    <reference></reference>
    <short_desc>Phone Call / Mail From Doina Rosu-Savinoiu</short_desc>
    <show_to_customer>1</show_to_customer>
    <status>
      <code>WFI</code>
      <desc>Waiting Further Information</desc>
    </status>
  </27>
  <28>
    <customer_contact>
      <department>Billing</department>
      <email>visp@koc.net</email>
      <first_name>Zeliha</first_name>
      <last_name>Ovali</last_name>
      <position>yahooID:zelihao</position>
    </customer_contact>
    <date>
      <date>20090402</date>
      <time>173635</time>
    </date>
    <description>
      <T1>Hello,
We can not remove the readonly option on redundant server inorder to keep that server redundant. If you need to write to a db we should consider using another schema on test system.
Furtermore, 10.100.99.25 is actively used by network group that we should not point the BDE settings to test system.
For the old data we may install the udr admin to test environment. (10.100.99.7 for ex.) and cofigure to use the test system with our test database which we will restore the test this weekend ( tango2 port 1523)
Besides we may also configure another client on production(if possible) to extract the daily data from  production as well.
Regards
Zeliha</T1>
    </description>
    <event>
      <code>ARR</code>
      <desc>Incoming Support Call</desc>
    </event>
    <person></person>
    <reference></reference>
    <short_desc>Incoming Support Call From Zeliha Ovali</short_desc>
    <show_to_customer>1</show_to_customer>
    <status>
      <code>ARR</code>
      <desc>New Letter Arrived</desc>
    </status>
  </28>
  <29>
    <customer_contact>
      <department>Billing</department>
      <email>visp@koc.net</email>
      <first_name>Zeliha</first_name>
      <last_name>Ovali</last_name>
      <position>yahooID:zelihao</position>
    </customer_contact>
    <date>
      <date>20090402</date>
      <time>173718</time>
    </date>
    <description>
      <T1>Hello,
I am also waiting the excel document from Ofir &amp; Marinel inorder to finalize the export parameters.
Regards
Zeliha</T1>
    </description>
    <event>
      <code>ARR</code>
      <desc>Incoming Support Call</desc>
    </event>
    <person></person>
    <reference></reference>
    <short_desc>Incoming Support Call From Zeliha Ovali</short_desc>
    <show_to_customer>1</show_to_customer>
    <status>
      <code>ARR</code>
      <desc>New Letter Arrived</desc>
    </status>
  </29>
  <3>
    <customer_contact>
      <department>Billing</department>
      <email>visp@koc.net</email>
      <first_name>Zeliha</first_name>
      <last_name>Ovali</last_name>
      <position>yahooID:zelihao</position>
    </customer_contact>
    <date>
      <date>20090227</date>
      <time>095347</time>
    </date>
    <description></description>
    <event>
      <code>KPS</code>
      <desc>Basic Data Changed</desc>
    </event>
    <person>
      <email>doina.rosu@mindcti.com</email>
      <first_name>Doina</first_name>
      <last_name>Rosu-Savinoiu</last_name>
    </person>
    <reference></reference>
    <short_desc>Basic Data Changed By Doina Rosu-Savinoiu</short_desc>
    <show_to_customer>1</show_to_customer>
    <status>
      <code>ARR</code>
      <desc>New Letter Arrived</desc>
    </status>
  </3>
  <30>
    <customer_contact>
      <department>Billing</department>
      <email>visp@koc.net</email>
      <first_name>Zeliha</first_name>
      <last_name>Ovali</last_name>
      <position>yahooID:zelihao</position>
    </customer_contact>
    <date>
      <date>20090402</date>
      <time>174022</time>
    </date>
    <description></description>
    <event>
      <code>KPS</code>
      <desc>Change Of In Charge</desc>
    </event>
    <person>
      <email>marinel.darabana@mindcti.com</email>
      <first_name>Marinel</first_name>
      <last_name>Darabana</last_name>
    </person>
    <reference></reference>
    <short_desc>Change Of In Charge from DoinaRosu-Savinoiu To Mar</short_desc>
    <show_to_customer>0</show_to_customer>
    <status>
      <code>ARR</code>
      <desc>New Letter Arrived</desc>
    </status>
  </30>
  <31>
    <customer_contact>
      <department>Billing</department>
      <email>visp@koc.net</email>
      <first_name>Zeliha</first_name>
      <last_name>Ovali</last_name>
      <position>yahooID:zelihao</position>
    </customer_contact>
    <date>
      <date>20090403</date>
      <time>094609</time>
    </date>
    <description></description>
    <event>
      <code>KPS</code>
      <desc>Change Of In Charge</desc>
    </event>
    <person>
      <email>marinel.darabana@mindcti.com</email>
      <first_name>Marinel</first_name>
      <last_name>Darabana</last_name>
    </person>
    <reference></reference>
    <short_desc>Change Of In Charge from MarinelDarabana To DoinaR</short_desc>
    <show_to_customer>0</show_to_customer>
    <status>
      <code>ARR</code>
      <desc>New Letter Arrived</desc>
    </status>
  </31>
  <32>
    <customer_contact>
      <department>Billing</department>
      <email>visp@koc.net</email>
      <first_name>Zeliha</first_name>
      <last_name>Ovali</last_name>
      <position>yahooID:zelihao</position>
    </customer_contact>
    <date>
      <date>20090406</date>
      <time>112826</time>
    </date>
    <description>
      <T1>Subject: UDR Server installation
Date:     06/04/2009

Hi Zeliha,

You have requested the following entities to be added to the file format of exported udrs. We have commented on each item.

KOD_OPERATÖR	Operator name(Kocnet)- Mind-&gt;not available
OPARTY	calling number	- Mind-&gt;Phone Number
TPARTY	called number	- Mind-&gt; Destination / DNIS
FPARTY	redirection number	- Mind-&gt;EXTRAINFO &quot;51&quot;
OGW	originating gateway IP	- Mind-&gt;Register IP
TGW	terminating gateway IP	- Mind-&gt;Remote IP
OEXCH	Originating  PSTN/ GSM exchange	- Mind-&gt;not available
TEXCH	terminating  PSTN/ GSM exchange	- Mind-&gt;not available
ARAMA TIPI	Call type( A type, B type, C type, onnet(bussiness trunk, Ipcentrex, mycall), calling card, vpn, 444 etc.) - Mind-&gt; we can use accounttype from accounts table
GÖRÜSME TIPI	Call type (voice, data, fax etc.) - Mind-&gt; use SERVICETYPE VOIPCDR
DURUM	Call status (success or error)	- Mind-&gt;STATUS from VOIPCDR
TARIH ZAMAN	Call date + time	- Mind-&gt;Date - Time from Voipcdr
SÜRE	Duration	- Mind-&gt;Duration
PIN NO	Calling card pin number	- Mind-&gt;User Code
SERI NO	Calling card serial number	- Mind-&gt;CCN FROM ACCOUNTS
ORIGINATOR CARRIER / OPERATÖR	Originating operator (onnet, turk telekom etc.)	- Mind-&gt;not available
TERMINATOR CARRIER / OPERATÖR	terminating operator (avea, Tcell, Turk telekom, INTL etc.)	- Mind-&gt;not available

Kindly update us which fields from the above you want to add to the existing template (in production).

Best regards,


Marinel Darabana
MIND CTI Support Center
SupportGroup Manager

*************************************************
Service Call Data:
Number:    Kocnet / 1244
Received:          27/02/2009
Current Status:   Waiting for Information from You
*************************************************
PLEASE DO NOT REPLY TO THIS EMAIL - Use the CRM</T1>
    </description>
    <event>
      <code>TBF</code>
      <desc>Phone Call / Mail</desc>
    </event>
    <person>
      <email>marinel.darabana@mindcti.com</email>
      <first_name>Marinel</first_name>
      <last_name>Darabana</last_name>
    </person>
    <reference></reference>
    <short_desc>Phone Call / Mail From Marinel Darabana</short_desc>
    <show_to_customer>1</show_to_customer>
    <status>
      <code>WFI</code>
      <desc>Waiting Further Information</desc>
    </status>
  </32>
  <33>
    <customer_contact>
      <department>Billing</department>
      <email>visp@koc.net</email>
      <first_name>Zeliha</first_name>
      <last_name>Ovali</last_name>
      <position>yahooID:zelihao</position>
    </customer_contact>
    <date>
      <date>20090406</date>
      <time>144831</time>
    </date>
    <description>
      <T1>Subject: UDR Server installation
Date:     06/04/2009

Dear Zeliha, 

Following to our YM conversation, we have configured the UDR (admin and server) in test environment (10.100.99.7) to connect to tango2 port 1523 test DB (as you have said recently refreshed from production).

The UDR admin on 10.100.99.25 is configured to point to production DB as well as the Server on 10.100.99.13 Unix machine.

The UDR agents from both DB schemas are configured in the same manner as discussed.

As per previous Marinels event, we are waiting for your answer related to the template to be used for the export (from August till present from test DB and daily export from now on pointed to production DB).

Best regards,

Doina Rosu-Savinoiu
MIND CTI Support Center
Support Specialist

*************************************************
Service Call Data:
Number:    Kocnet / 1244
Received:          27/02/2009
Current Status:   Waiting for Information from You
*************************************************
PLEASE DO NOT REPLY TO THIS EMAIL - Use the CRM</T1>
    </description>
    <event>
      <code>TBF</code>
      <desc>Phone Call / Mail</desc>
    </event>
    <person>
      <email>doina.rosu@mindcti.com</email>
      <first_name>Doina</first_name>
      <last_name>Rosu-Savinoiu</last_name>
    </person>
    <reference></reference>
    <short_desc>Phone Call / Mail From Doina Rosu-Savinoiu</short_desc>
    <show_to_customer>1</show_to_customer>
    <status>
      <code>WFI</code>
      <desc>Waiting Further Information</desc>
    </status>
  </33>
  <34>
    <customer_contact>
      <department>Billing</department>
      <email>visp@koc.net</email>
      <first_name>Zeliha</first_name>
      <last_name>Ovali</last_name>
      <position>yahooID:zelihao</position>
    </customer_contact>
    <date>
      <date>20090407</date>
      <time>183728</time>
    </date>
    <description>
      <T1>Hello,
We need to match the CDR with accounts. We think to use accountid but we could not find the relevant field. Please provide the name off the field that we can match the CDR with a specific account.
Regards,
Zeliha</T1>
    </description>
    <event>
      <code>ARR</code>
      <desc>Incoming Support Call</desc>
    </event>
    <person></person>
    <reference></reference>
    <short_desc>Incoming Support Call From Zeliha Ovali</short_desc>
    <show_to_customer>1</show_to_customer>
    <status>
      <code>ARR</code>
      <desc>New Letter Arrived</desc>
    </status>
  </34>
  <35>
    <customer_contact>
      <department>Billing</department>
      <email>visp@koc.net</email>
      <first_name>Zeliha</first_name>
      <last_name>Ovali</last_name>
      <position>yahooID:zelihao</position>
    </customer_contact>
    <date>
      <date>20090407</date>
      <time>190206</time>
    </date>
    <description>
      <T1>Hello,
When I checked the map fields PSTN , VOICE and VPN are in different set.
Please explain which set should we use.
And if we use one set, will there be only one type of call in export files?
Regards
Zeliha
</T1>
    </description>
    <event>
      <code>ARR</code>
      <desc>Incoming Support Call</desc>
    </event>
    <person></person>
    <reference></reference>
    <short_desc>Incoming Support Call From Zeliha Ovali</short_desc>
    <show_to_customer>1</show_to_customer>
    <status>
      <code>ARR</code>
      <desc>New Letter Arrived</desc>
    </status>
  </35>
  <36>
    <customer_contact>
      <department>Billing</department>
      <email>visp@koc.net</email>
      <first_name>Zeliha</first_name>
      <last_name>Ovali</last_name>
      <position>yahooID:zelihao</position>
    </customer_contact>
    <date>
      <date>20090408</date>
      <time>121938</time>
    </date>
    <description>
      <T1>Subject: UDR Server installation
Date:     08/04/2009

Dear Zeliha,

The different set you have mentioned is defined in the default template that is installed along with UDR application and is not specific for a certain environment.
In case you set a certain template and specify ServiceTypes=&quot;VOIP&quot; the export will also contain INTVVPN CDR type (you can check the already exported CDRs on test environment) as the selection of the CDRs is done from voipcdr table where are kept all the calls having basic type VOIP.

As per the accountid needed in the export template, it can be added into the template as soon as you update us about the final fields needed.

Looking forward to your early reply.

Best regards,


Doina Rosu-Savinoiu
MIND CTI Support Center
Support Specialist

*************************************************
Service Call Data:
Number:    Kocnet / 1244
Received:          27/02/2009
Current Status:   Waiting for Information from You
*************************************************
PLEASE DO NOT REPLY TO THIS EMAIL - Use the CRM</T1>
    </description>
    <event>
      <code>TBF</code>
      <desc>Phone Call / Mail</desc>
    </event>
    <person>
      <email>doina.rosu@mindcti.com</email>
      <first_name>Doina</first_name>
      <last_name>Rosu-Savinoiu</last_name>
    </person>
    <reference></reference>
    <short_desc>Phone Call / Mail From Doina Rosu-Savinoiu</short_desc>
    <show_to_customer>1</show_to_customer>
    <status>
      <code>WFI</code>
      <desc>Waiting Further Information</desc>
    </status>
  </36>
  <37>
    <customer_contact>
      <department>Billing</department>
      <email>visp@koc.net</email>
      <first_name>Zeliha</first_name>
      <last_name>Ovali</last_name>
      <position>yahooID:zelihao</position>
    </customer_contact>
    <date>
      <date>20090408</date>
      <time>150315</time>
    </date>
    <description>
      <T1>Hello,
This is our final version for fields;
Phone Number, DNIS, Destination, Calling Station ID (redirected number), Register IP, Remote IP, Register Trunk ID, Type, Message Arrived, Err, Date, Time, Duration, Acoount ID, User Code, Dir, Service Type, Carrier Prefix, Remote Trunk, Tariff Code, Invoice Call Type, Call-ID

Please also note that CDR's will be exported by call date and filename should include calldate(not exportdate)

Regards,
Zeliha</T1>
    </description>
    <event>
      <code>ARR</code>
      <desc>Incoming Support Call</desc>
    </event>
    <person></person>
    <reference></reference>
    <short_desc>Incoming Support Call From Zeliha Ovali</short_desc>
    <show_to_customer>1</show_to_customer>
    <status>
      <code>ARR</code>
      <desc>New Letter Arrived</desc>
    </status>
  </37>
  <38>
    <customer_contact>
      <department>Billing</department>
      <email>visp@koc.net</email>
      <first_name>Zeliha</first_name>
      <last_name>Ovali</last_name>
      <position>yahooID:zelihao</position>
    </customer_contact>
    <date>
      <date>20090408</date>
      <time>161759</time>
    </date>
    <description>
      <T1>Subject: UDR Server installation
Date:     08/04/2009

Dear Zeliha,

We have configured a new UDR template on test environment (10.100.99.7) called KOCNET to contain the fields you have mentioned in your previous event. We have set it as the template for the Default Agent.

Kindly perform a test export using that agent and update us if we can start the export of the CDRs from August till now from test DB and the automatic export on production using the new template.

Looking forward for your reply.

Best regards,


Doina Rosu-Savinoiu
MIND CTI Support Center
Support Specialist

*************************************************
Service Call Data:
Number:    Kocnet / 1244
Received:          27/02/2009
Current Status:   Waiting for Information from You
*************************************************
PLEASE DO NOT REPLY TO THIS EMAIL - Use the CRM</T1>
    </description>
    <event>
      <code>TBF</code>
      <desc>Phone Call / Mail</desc>
    </event>
    <person>
      <email>doina.rosu@mindcti.com</email>
      <first_name>Doina</first_name>
      <last_name>Rosu-Savinoiu</last_name>
    </person>
    <reference></reference>
    <short_desc>Phone Call / Mail From Doina Rosu-Savinoiu</short_desc>
    <show_to_customer>1</show_to_customer>
    <status>
      <code>WFI</code>
      <desc>Waiting Further Information</desc>
    </status>
  </38>
  <39>
    <customer_contact>
      <department>Billing</department>
      <email>visp@koc.net</email>
      <first_name>Zeliha</first_name>
      <last_name>Ovali</last_name>
      <position>yahooID:zelihao</position>
    </customer_contact>
    <date>
      <date>20090408</date>
      <time>192614</time>
    </date>
    <description>
      <T1>Hello,
Here is our test results;
1- Calling stationid is always empty even if the call is redirected; You may see the following test with redirected call which calling stationid is empty. (File :KOC_RTS20090226 0_0001190755.man)
---
D,02164540008,105605555588886,905555588886,,174376731,174389910,SS7,V,547,1,2009-02-26,10:05:31,8,117,7777799999,I,VOIP,90019,,KN_OFFNET,GSMAVEA,626D8DF6 04A511DE 85610003 BAE52D21
--

2- IP adresses are still in number format.(Needs to be converted to IP as it was in our previous tests)

Regards,
Zeliha</T1>
    </description>
    <event>
      <code>ARR</code>
      <desc>Incoming Support Call</desc>
    </event>
    <person></person>
    <reference></reference>
    <short_desc>Incoming Support Call From Zeliha Ovali</short_desc>
    <show_to_customer>1</show_to_customer>
    <status>
      <code>ARR</code>
      <desc>New Letter Arrived</desc>
    </status>
  </39>
  <4>
    <customer_contact>
      <department>Billing</department>
      <email>visp@koc.net</email>
      <first_name>Zeliha</first_name>
      <last_name>Ovali</last_name>
      <position>yahooID:zelihao</position>
    </customer_contact>
    <date>
      <date>20090227</date>
      <time>095645</time>
    </date>
    <description>
      <T1>Subject: UDR Server installation
Date:     27/02/2009

Dear Zeliha,

We have opened this SR in order to track the installation of UDR Server on Kocnet system.

We will install the UDR application on test environment first and update you when the procedure is done.

Best regards,


Doina Rosu-Savinoiu
MIND CTI Support Center
Support Specialist

*************************************************
Service Call Data:
Number:    Kocnet / 1244
Received:          27/02/2009
Current Status:   Work in Process
*************************************************
PLEASE DO NOT REPLY TO THIS EMAIL - Use the CRM</T1>
    </description>
    <event>
      <code>TBF</code>
      <desc>Phone Call / Mail</desc>
    </event>
    <person>
      <email>doina.rosu@mindcti.com</email>
      <first_name>Doina</first_name>
      <last_name>Rosu-Savinoiu</last_name>
    </person>
    <reference></reference>
    <short_desc>Phone Call / Mail From Doina Rosu-Savinoiu</short_desc>
    <show_to_customer>1</show_to_customer>
    <status>
      <code>INR</code>
      <desc>Installation Request</desc>
    </status>
  </4>
  <40>
    <customer_contact>
      <department>Billing</department>
      <email>visp@koc.net</email>
      <first_name>Zeliha</first_name>
      <last_name>Ovali</last_name>
      <position>yahooID:zelihao</position>
    </customer_contact>
    <date>
      <date>20090409</date>
      <time>104441</time>
    </date>
    <description>
      <T1>Subject: UDR Server installation
Date:     09/04/2009

Dear Zeliha,

We have updated the template and the Default agent to display in export file the IP address in proper format as well as for the calling station id issue.
Please perform another test export and update us with your results.

Best regards,

Doina Rosu-Savinoiu
MIND CTI Support Center
Support Specialist

*************************************************
Service Call Data:
Number:    Kocnet / 1244
Received:          27/02/2009
Current Status:   Waiting for Information from You
*************************************************
PLEASE DO NOT REPLY TO THIS EMAIL - Use the CRM</T1>
    </description>
    <event>
      <code>TBF</code>
      <desc>Phone Call / Mail</desc>
    </event>
    <person>
      <email>doina.rosu@mindcti.com</email>
      <first_name>Doina</first_name>
      <last_name>Rosu-Savinoiu</last_name>
    </person>
    <reference></reference>
    <short_desc>Phone Call / Mail From Doina Rosu-Savinoiu</short_desc>
    <show_to_customer>1</show_to_customer>
    <status>
      <code>WFI</code>
      <desc>Waiting Further Information</desc>
    </status>
  </40>
  <41>
    <customer_contact>
      <department>Billing</department>
      <email>visp@koc.net</email>
      <first_name>Zeliha</first_name>
      <last_name>Ovali</last_name>
      <position>yahooID:zelihao</position>
    </customer_contact>
    <date>
      <date>20090409</date>
      <time>172542</time>
    </date>
    <description>
      <T1>Hello,
We shared the sample CDRs from .7 with authority and they have the following comments:
1- Redirection number is only be filled if the call is redirected
(ZELIHA--&gt; If you can compare the phonenumber with callingstation id we can fill the coulumn(redirected number) when they are different)
2- Calls with only direction =I should be filtered.
(ZELIHA--&gt; I guess we can manage this with WHERE clause )
3- PIN numbers should be specified in CDR format. (Also serials if possible)
(ZELIHA--&gt; Really do not know)
Regards,
Zeliha</T1>
    </description>
    <event>
      <code>ARR</code>
      <desc>Incoming Support Call</desc>
    </event>
    <person></person>
    <reference></reference>
    <short_desc>Incoming Support Call From Zeliha Ovali</short_desc>
    <show_to_customer>1</show_to_customer>
    <status>
      <code>ARR</code>
      <desc>New Letter Arrived</desc>
    </status>
  </41>
  <42>
    <customer_contact>
      <department>Billing</department>
      <email>visp@koc.net</email>
      <first_name>Zeliha</first_name>
      <last_name>Ovali</last_name>
      <position>yahooID:zelihao</position>
    </customer_contact>
    <date>
      <date>20090410</date>
      <time>094604</time>
    </date>
    <description>
      <T1>Hello,
I missed one other comment;
4- the destination name(prefix may suit)
(ZELÝHA--&gt; we may use destination_prefix from voipcdr but we have to nullified the values for VPN calls(invcalltype=VPN or 444)
Regards,
Zeliha</T1>
    </description>
    <event>
      <code>ARR</code>
      <desc>Incoming Support Call</desc>
    </event>
    <person></person>
    <reference></reference>
    <short_desc>Incoming Support Call From Zeliha Ovali</short_desc>
    <show_to_customer>1</show_to_customer>
    <status>
      <code>ARR</code>
      <desc>New Letter Arrived</desc>
    </status>
  </42>
  <43>
    <customer_contact>
      <department>Billing</department>
      <email>visp@koc.net</email>
      <first_name>Zeliha</first_name>
      <last_name>Ovali</last_name>
      <position>yahooID:zelihao</position>
    </customer_contact>
    <date>
      <date>20090410</date>
      <time>170240</time>
    </date>
    <description>
      <T1>Subject: UDR Server installation
Date:     10/04/2009

Dear Zeliha,

Concerning the matters you have presented in your last two events, please find below our comments:

1. The issue concerning the CallingStationId filed is still under our investigation.
2. A where clause in Agent configuration (VOIPCDR.DIRECTION='I') is enough for such a filtering.
3. As far as I have understood PIN refers to the usercode from voipcdr table (which already exists into the exported template) in case the accounttype is Debit Card, so we can add the account type into the exported fields.
4. We can also add destination_prefix filed (from voipcdr) into the exported template.

Please update us in case you need those new fields to be added into the export template.

Best regards,


Doina Rosu-Savinoiu
MIND CTI Support Center
Support Specialist

*************************************************
Service Call Data:
Number:    Kocnet / 1244
Received:          27/02/2009
Current Status:   Waiting for Information from You
*************************************************
PLEASE DO NOT REPLY TO THIS EMAIL - Use the CRM</T1>
    </description>
    <event>
      <code>TBF</code>
      <desc>Phone Call / Mail</desc>
    </event>
    <person>
      <email>doina.rosu@mindcti.com</email>
      <first_name>Doina</first_name>
      <last_name>Rosu-Savinoiu</last_name>
    </person>
    <reference></reference>
    <short_desc>Phone Call / Mail From Doina Rosu-Savinoiu</short_desc>
    <show_to_customer>1</show_to_customer>
    <status>
      <code>WFI</code>
      <desc>Waiting Further Information</desc>
    </status>
  </43>
  <44>
    <customer_contact>
      <department>Billing</department>
      <email>visp@koc.net</email>
      <first_name>Zeliha</first_name>
      <last_name>Ovali</last_name>
      <position>yahooID:zelihao</position>
    </customer_contact>
    <date>
      <date>20090415</date>
      <time>154016</time>
    </date>
    <description>
      <T1>Hello,

I want to learn that can we get UDR export on RTS 10.100.99.13 to be daily? If not please configure it to the same CDR template on RTS 10.100.99.7 Default Agent. We want to started daily UDR exports on RTS 10.100.99.13

And can you provide me a phone number to talk about this topic?</T1>
    </description>
    <event>
      <code>ARR</code>
      <desc>Incoming Support Call</desc>
    </event>
    <person></person>
    <reference></reference>
    <short_desc>Incoming Support Call From Mehmet Caliskan</short_desc>
    <show_to_customer>1</show_to_customer>
    <status>
      <code>ARR</code>
      <desc>New Letter Arrived</desc>
    </status>
  </44>
  <45>
    <customer_contact>
      <department>Billing</department>
      <email>visp@koc.net</email>
      <first_name>Zeliha</first_name>
      <last_name>Ovali</last_name>
      <position>yahooID:zelihao</position>
    </customer_contact>
    <date>
      <date>20090415</date>
      <time>174315</time>
    </date>
    <description>
      <T1>Subject: UDR Server installation
Date:     15/04/2009

Dear Mehmet,

We have configured the Default agent on 10.100.99.25 to use the same export template and configurations as the one on test environment (according to your request). As well we have scheduled the export to start daily at 2:00.

Please note that the agent is active and it started exporting CDRs in the configured location. Since the application did not run for a long time it will start exporting from the last exported CDR from production environment. 

Kindly monitor the export from your side and unless there are any other issues concerning the matter that need our assistance kindly close the SR from your side too.

Best regards,


Doina Rosu-Savinoiu
MIND CTI Support Center
Support Specialist

*************************************************
Service Call Data:
Number:    Kocnet / 1244
Received:          27/02/2009
Current Status:   Answered
*************************************************
PLEASE DO NOT REPLY TO THIS EMAIL - Use the CRM</T1>
    </description>
    <event>
      <code>TBF</code>
      <desc>Answer Out</desc>
    </event>
    <person>
      <email>doina.rosu@mindcti.com</email>
      <first_name>Doina</first_name>
      <last_name>Rosu-Savinoiu</last_name>
    </person>
    <reference></reference>
    <short_desc>Answer Out From Doina Rosu-Savinoiu</short_desc>
    <show_to_customer>1</show_to_customer>
    <status>
      <code>AAC</code>
      <desc>Closed by Service Agent</desc>
    </status>
  </45>
  <46>
    <customer_contact>
      <department>Billing</department>
      <email>visp@koc.net</email>
      <first_name>Zeliha</first_name>
      <last_name>Ovali</last_name>
      <position>yahooID:zelihao</position>
    </customer_contact>
    <date>
      <date>20090415</date>
      <time>212208</time>
    </date>
    <description>
      <T1>Hello,

After the proccess which we made together, there are some unclear points in my mind.

1. You run the utulity and then I checked export files. Only it exported 06 April and only one file from 05 April. Then I started it manually for 07 April and it exported 07 April too. At the begening, did we start it only 06 April?


2. Expoerted file name seems as &quot;KOC_RTS_20090407 00006190726.man&quot; How can we remove space character or replace with &quot;_&quot; from the middle of the filename? Because on the unix machine we coudn' t read files with more or cat command without removing the space manually.


3. If there isn't redirection case at any call then 

Phone number = Calling number (making call)

Destination = Called Number (answered the call)

Calling Station ID = Empty for C type (811) call flow and voip calls (Onnet Calls) or it is the same with Phone Number for Carrier Select (A or B type) Call flow

If there is redirection at the call then

Phone Number = Redirecting Number (number which making redirects to the destination number)

Destination = Called Number (answered the call)

Calling Station ID = Calling Number (the number(subscriber) which dials Phone Number but speaks with Destination)

Can you confirm these fields meaning?


Best Regards,

Mehmet CALISKAN</T1>
    </description>
    <event>
      <code>ARR</code>
      <desc>Incoming Support Call</desc>
    </event>
    <person></person>
    <reference></reference>
    <short_desc>Incoming Support Call From Mehmet Caliskan</short_desc>
    <show_to_customer>1</show_to_customer>
    <status>
      <code>ARR</code>
      <desc>New Letter Arrived</desc>
    </status>
  </46>
  <47>
    <customer_contact>
      <department>Billing</department>
      <email>visp@koc.net</email>
      <first_name>Zeliha</first_name>
      <last_name>Ovali</last_name>
      <position>yahooID:zelihao</position>
    </customer_contact>
    <date>
      <date>20090416</date>
      <time>115714</time>
    </date>
    <description>
      <T1>Hello,

We configured UDR utulity to export one day before every night at 02:00 But there isn' t any CDRs on 99.13 exported by the UDR Utulity. This morning I exported yesterday CDRs manually. Can you chechk why did it run automatically?

After we finished the configuration yesterday I close UDR Admin GUI on 99.25 without stop default agent. Just exit. Can it be relevant?

Regards

Mehmet CALISKAN</T1>
    </description>
    <event>
      <code>ARR</code>
      <desc>Incoming Support Call</desc>
    </event>
    <person></person>
    <reference></reference>
    <short_desc>Incoming Support Call From Mehmet Caliskan</short_desc>
    <show_to_customer>1</show_to_customer>
    <status>
      <code>ARR</code>
      <desc>New Letter Arrived</desc>
    </status>
  </47>
  <48>
    <customer_contact>
      <department>Billing</department>
      <email>visp@koc.net</email>
      <first_name>Zeliha</first_name>
      <last_name>Ovali</last_name>
      <position>yahooID:zelihao</position>
    </customer_contact>
    <date>
      <date>20090416</date>
      <time>145548</time>
    </date>
    <description>
      <T1>Subject: UDR Server installation
Date:     16/04/2009

Dear Mehmet,

I have configured the production UDR to export the CDRs since 1st of April 2009 (as we agreed in previous events the older CDRs will be exported from test system). Please note that the export started with a certain ID and in case there were late CDRs after that id but with previous date, they will be also exported.
The UDR server started exporting with the oldest CDR and will continually export until the application will get to the point of exporting the CDRs dailly, for from current date.

The file name contains the file prefix, the file sequence, the date and the multiple files filter (on voipcdr.calldate) as configured.

The Calling station id field in non-redirecting scenarios is filled with the value we receive from radius messages.

Unless there are any other issues concerning the matter, kindly close this SR from your side too.

Best regards,


Doina Rosu-Savinoiu
MIND CTI Support Center
Support Specialist

*************************************************
Service Call Data:
Number:    Kocnet / 1244
Received:          27/02/2009
Current Status:   Answered
*************************************************
PLEASE DO NOT REPLY TO THIS EMAIL - Use the CRM</T1>
    </description>
    <event>
      <code>TBF</code>
      <desc>Answer Out</desc>
    </event>
    <person>
      <email>doina.rosu@mindcti.com</email>
      <first_name>Doina</first_name>
      <last_name>Rosu-Savinoiu</last_name>
    </person>
    <reference></reference>
    <short_desc>Answer Out From Doina Rosu-Savinoiu</short_desc>
    <show_to_customer>1</show_to_customer>
    <status>
      <code>AAC</code>
      <desc>Closed by Service Agent</desc>
    </status>
  </48>
  <49>
    <customer_contact>
      <department>Billing</department>
      <email>visp@koc.net</email>
      <first_name>Zeliha</first_name>
      <last_name>Ovali</last_name>
      <position>yahooID:zelihao</position>
    </customer_contact>
    <date>
      <date>20090421</date>
      <time>103453</time>
    </date>
    <description>
      <T1>Dear support,

I want to ask you some of my observation about UDR Utulity.

1. Export files Topic : I check export files on 99.13 every day and I have seen disorder

For example I suppose that UDR export CDRs continuously to the .tmp files and every night at 02:00

it close yesterday .tmp files and convert it to the .EXP files. and after that we put the .EXP CDRs belonging to the yesterday to the Authority
 CDR Server. But this night at 02:00 two files were created. these names are like below.

-rw-r--r--   1 mind     other     166305 Apr 21 01:59 KOC_RTS_20090421 0000020090420.EXP
-rw-r--r--   1 mind     other    3495961 Apr 21 01:59 KOC_RTS_20090420 0002620090420.EXP
-rw-r--r--   1 mind     other     375453 Apr 21 01:59 KOC_RTS_20090419 0000020090420.EXP

As you can see, three files are belonging to the different days. File called with &quot;KOC_RTS_20090419 0000020090420.EXP&quot; was generated yesterday but
it must generate 20 Apr at 02:00. What is the reason of this confusion? And you said your previous correspondence &quot;I started the utility generated CDRs from 1 Apr&quot;
. But I saw some .EXP files belonging to March like &quot;KOC_RTS_20090322 0000020090418.EXP&quot;.

2. There is folder which name is &quot;bak&quot; under export folder. And there are .bak CDR files under this. What is the meaning of this files. Will we send these files
to the authority or not. Can you describe the exact purpose of these files?

Regards,
Mehmet</T1>
    </description>
    <event>
      <code>ARR</code>
      <desc>Incoming Support Call</desc>
    </event>
    <person></person>
    <reference></reference>
    <short_desc>Incoming Support Call From Mehmet Caliskan</short_desc>
    <show_to_customer>1</show_to_customer>
    <status>
      <code>ARR</code>
      <desc>New Letter Arrived</desc>
    </status>
  </49>
  <5>
    <customer_contact>
      <department>Billing</department>
      <email>visp@koc.net</email>
      <first_name>Zeliha</first_name>
      <last_name>Ovali</last_name>
      <position>yahooID:zelihao</position>
    </customer_contact>
    <date>
      <date>20090227</date>
      <time>123222</time>
    </date>
    <description>
      <B2>http://62.219.96.62/SupportFTP//000221/00001244/22112445-MINDBill 6.01.004 UDR Distribution User Guide.pdf</B2>
      <T1>Subject: UDR Server installation
Date:     27/02/2009

Dear Zeliha,

I have finished installing the UDR application on Kocnet test environment.
You can find the application installed on 10.100.99.7 machine under &quot;D:\mindv6\udr\&quot; and &quot;D:\mindv6\udr adm&quot;.
We have created an agent &quot;TestAg&quot; and set it to export voice calls from 1st to 2nd of February 2009. You can find the exported CDRs under &quot;D:\mindv6\udr\export\&quot;.

Please find attached the MINDBill 6.01.004 UDR Distribution User Guide.pdf.

In case you need any other information concerning the matter do not hesitate to contact us.

Best regards,


Doina Rosu-Savinoiu
MIND CTI Support Center
Support Specialist

*************************************************
Service Call Data:
Number:    Kocnet / 1244
Received:          27/02/2009
Current Status:   Waiting for Information from You
*************************************************
PLEASE DO NOT REPLY TO THIS EMAIL - Use the CRM</T1>
    </description>
    <event>
      <code>TBF</code>
      <desc>Phone Call / Mail</desc>
    </event>
    <person>
      <email>doina.rosu@mindcti.com</email>
      <first_name>Doina</first_name>
      <last_name>Rosu-Savinoiu</last_name>
    </person>
    <reference></reference>
    <short_desc>Phone Call / Mail From Doina Rosu-Savinoiu</short_desc>
    <show_to_customer>1</show_to_customer>
    <status>
      <code>WFI</code>
      <desc>Waiting Further Information</desc>
    </status>
  </5>
  <50>
    <customer_contact>
      <department>Billing</department>
      <email>visp@koc.net</email>
      <first_name>Zeliha</first_name>
      <last_name>Ovali</last_name>
      <position>yahooID:zelihao</position>
    </customer_contact>
    <date>
      <date>20090421</date>
      <time>163915</time>
    </date>
    <description>
      <T1>Subject: UDR Server installation
Date:     21/04/2009

Dear Mehmet,

The behavior you have described is present also in the files from previous days. As an example, the files created in the end of day 19th of April contain CDRs from 18th (KOC_RTS_20090418 0000020090419.EXP), 19th (KOC_RTS_20090419 0000420090419.EXP) and 20th (KOC_RTS_20090419 0000420090419.EXP) of April. The reason for this is:
-	there are CDRs from 18th of April exported on 19th because there were calls inserted by ASC from that date  according to system definition, but having insertion time on 19th;
-	there are CDRs from 20th of April on a file having suffix 20090419 with call time around 2:00 A.M. 20.04.2009 when the export is scheduled; the CDR file name pattern is no changed, it contains the correct CDR date;

As per the files from March, I have already explained you in our previous event that there might be late CDRs or the same reason as the one above (ASC insertion).
In the bak folder there are the Backup CDR files; they are there in case the ftp option is used and the original files are moved to the new location.

Please update us in case you need any other information concerning the matter.

Best regards,


Doina Rosu-Savinoiu
MIND CTI Support Center
Support Specialist

*************************************************
Service Call Data:
Number:    Kocnet / 1244
Received:          27/02/2009
Current Status:   Waiting for Information from You
*************************************************
PLEASE DO NOT REPLY TO THIS EMAIL - Use the CRM</T1>
    </description>
    <event>
      <code>TBF</code>
      <desc>Phone Call / Mail</desc>
    </event>
    <person>
      <email>doina.rosu@mindcti.com</email>
      <first_name>Doina</first_name>
      <last_name>Rosu-Savinoiu</last_name>
    </person>
    <reference></reference>
    <short_desc>Phone Call / Mail From Doina Rosu-Savinoiu</short_desc>
    <show_to_customer>1</show_to_customer>
    <status>
      <code>WFI</code>
      <desc>Waiting Further Information</desc>
    </status>
  </50>
  <51>
    <customer_contact>
      <department>Billing</department>
      <email>visp@koc.net</email>
      <first_name>Zeliha</first_name>
      <last_name>Ovali</last_name>
      <position>yahooID:zelihao</position>
    </customer_contact>
    <date>
      <date>20090422</date>
      <time>231148</time>
    </date>
    <description>
      <T1>Hello,

Authority said to us today : &quot;Our side is ready and you can start to export files from August to now. So we will start to the export.

1. We are using platform 99.7 for old date CDR files. we are using KOCNET map template. Can you check that everything is OK? Our latest CDR file format :

1.  coloumn : Static information like &quot;D&quot; this is not modifiable from Admin GUI or anywhere.
2.  coloumn : Phone Number
3.  coloumn : Destination
4.  coloumn : CallingStationID
5.  coloumn : Register IP
6.  coloumn : Remote IP
7.  coloumn : Call Date
8.  coloumn : Call Time
9.  coloumn : Duration
10. coloumn : User Code
11. coloumn : Account ID
12. coloumn : Register Trunk ID
13. coloumn : Invoice Call Type
14. coloumn : DNIS
15. coloumn : Type
16. coloumn : Message Arrived
17. coloumn : Err	
18. coloumn : Service Type
19. coloumn : Carrier Prefix
20. coloumn : Remote Trunk
21. coloumn : Tariff Code
22. coloumn : Direction
23. coloumn : Call-ID


We will send CDRs to the authority at this format.

2. We will use the default agent on 10.100.99.7 for previous CDRs. After we run the udr utulity, just we click export now button and we will select 
date range which we want to export. And it is created .man CDR files under the export directory and we will send it to the authority server.
We are think of weekly exportint and sending proccess. Can you confirm these steps?

3. Authority said to us today &quot;CDR file name mustn't include space character.&quot; Can we remove space at file name using the UDR configuration and how?

4. Can we think that .bak and .EXP CDR files completely same? Which CDR files are the best option to send to the Authority? .bak CDRs or .EXP CDRs?

5. At the production system on 99.13 I determine 3 proccess like below about UDR utulity. These are enough for UDR runing or is there any other proccess 
that must be checked every time?

Proccess which I can determine 

ps -ef | grep udr output : 

/bin/csh runudr
/bin/sh /u01/mind/udr/jboss/bin/run.sh
/u01/mind/java/jdk1.5.0_10/bin/java -Dlog.dir=/u01/mind/udr/log/ -Dprogram=UDRD

These are enough for running correctly?

6. You told me before how I can start the UDR utulity on 99.13. According to it, If utulity don't run, then for starting it I will run 
 &quot;nohup /u01/mind/udr/runmindjboss &amp;&quot;  and after it start I will run &quot;nohup /u01/mind/udr/runudr &amp;&quot; and it will start to export CDRs.
Can you confirm?

7. Ýf we want to stop the proccess temporarily with any reason, is there any command to stop it healthy or just we can use kill unix command for stopped all udr proccesses?
And after a stop and start is it going to export at the same point without loss?

8. This not a case this time but only I want to know that. For example I stop the Utulity this time and I want to start export proccess again but from three days before.
How and where can I determine this action?

Best Regards,

Mehmet CALISKAN</T1>
    </description>
    <event>
      <code>ARR</code>
      <desc>Incoming Support Call</desc>
    </event>
    <person></person>
    <reference></reference>
    <short_desc>Incoming Support Call From Mehmet Caliskan</short_desc>
    <show_to_customer>1</show_to_customer>
    <status>
      <code>ARR</code>
      <desc>New Letter Arrived</desc>
    </status>
  </51>
  <52>
    <customer_contact>
      <department>Billing</department>
      <email>visp@koc.net</email>
      <first_name>Zeliha</first_name>
      <last_name>Ovali</last_name>
      <position>yahooID:zelihao</position>
    </customer_contact>
    <date>
      <date>20090423</date>
      <time>160956</time>
    </date>
    <description>
      <T1>Hello,
Will you please thread this in emergency state.
Regards,
Zeliha</T1>
    </description>
    <event>
      <code>ARR</code>
      <desc>Incoming Support Call</desc>
    </event>
    <person></person>
    <reference></reference>
    <short_desc>Incoming Support Call From Zeliha Ovali</short_desc>
    <show_to_customer>1</show_to_customer>
    <status>
      <code>ARR</code>
      <desc>New Letter Arrived</desc>
    </status>
  </52>
  <53>
    <customer_contact>
      <department>Billing</department>
      <email>visp@koc.net</email>
      <first_name>Zeliha</first_name>
      <last_name>Ovali</last_name>
      <position>yahooID:zelihao</position>
    </customer_contact>
    <date>
      <date>20090427</date>
      <time>153338</time>
    </date>
    <description>
      <T1>Subject: UDR Server installation
Date:     27/04/2009

Dear Mehmet, 
 
You can find below the answers to each matter:

1.	The last template you have confirmed to be the one needed is indeed KOCNET template with the column you have mentioned (with the proper format for each field  that can be configured from UDR Distribution  Agent  Fields tab  open each field and set the proper type and format). 
2.	In order for the agent not to start automatically export, it is better that you set the schedule of the agent once a month lets say on the 31st and run the manual export as you wish for certain periods. It is better to configure small ranges (weeks seems fine) for the CDRs in the past.
3.	Please try to test if the space still appears in case you set at the agent level  Header&amp;Footer tab  type: Filename  as selected fields only File prefix, Multiple file filter and file sequence (without the date of the export).
4.	The .exp/.man files are the same as their back-ups and as per the ones to be sent to the authorities, this is not our decision to take.
5.	The processes belonging to the UDR need to be checked: the Jboss server from UDR installation and the UDR Server itself:
/bin/sh /u01/mind/udr/jboss/bin/run.sh 
/u01/mind/java/jdk1.5.0_10/bin/java -Dlog.dir=/u01/mind/udr/log/ -Dprogram=UDRD
6.	Yes, the steps you have mentioned are correct: first run Jboss server, wait for it to start and after start UDRServer. If any agent is configured to export automatically, it will.
7.	The unix kill pid command can be used to stop the UDR Server and after that you may use /u01/mind/udr/jboss/bin/shutdown.sh to properly stop the Jboss Server. The UDR keeps the position it reached in exporting in a file on disk as well as at the agent level into the database.
8.	As already mentioned in the previous answer no. 7, the position of the export is written into a file on disk as well as in database but we do not recommend to change it by hand. In case you need CDRs from 3 days back, you may use manual export.
  

Please update us in case our assistance is still needed over the matter.


Best regards,

Doina Rosu-Savinoiu
MIND CTI Support Center
Support Specialist

*************************************************
Service Call Data:
Number:    Kocnet / 1244
Received:          27/02/2009
Current Status:   Waiting for Information from You
*************************************************
PLEASE DO NOT REPLY TO THIS EMAIL - Use the CRM</T1>
    </description>
    <event>
      <code>TBF</code>
      <desc>Phone Call / Mail</desc>
    </event>
    <person>
      <email>doina.rosu@mindcti.com</email>
      <first_name>Doina</first_name>
      <last_name>Rosu-Savinoiu</last_name>
    </person>
    <reference></reference>
    <short_desc>Phone Call / Mail From Doina Rosu-Savinoiu</short_desc>
    <show_to_customer>1</show_to_customer>
    <status>
      <code>WFI</code>
      <desc>Waiting Further Information</desc>
    </status>
  </53>
  <54>
    <customer_contact>
      <department>Billing</department>
      <email>visp@koc.net</email>
      <first_name>Zeliha</first_name>
      <last_name>Ovali</last_name>
      <position>yahooID:zelihao</position>
    </customer_contact>
    <date>
      <date>20090504</date>
      <time>164633</time>
    </date>
    <description>
      <T1>Subject: UDR Server installation
Date:     04/05/2009

Dear Zeliha,

Since no other request for assistance was registered over the matter, we are closing this ticket. 
Kindly close it from your side too and do not hesitate to open another when needed.

Best regards,


Doina Rosu-Savinoiu
MIND CTI Support Center
Support Specialist

*************************************************
Service Call Data:
Number:    Kocnet / 1244
Received:          27/02/2009
Current Status:   Answered
*************************************************
PLEASE DO NOT REPLY TO THIS EMAIL - Use the CRM</T1>
    </description>
    <event>
      <code>TBF</code>
      <desc>Answer Out</desc>
    </event>
    <person>
      <email>doina.rosu@mindcti.com</email>
      <first_name>Doina</first_name>
      <last_name>Rosu-Savinoiu</last_name>
    </person>
    <reference></reference>
    <short_desc>Answer Out From Doina Rosu-Savinoiu</short_desc>
    <show_to_customer>1</show_to_customer>
    <status>
      <code>AAC</code>
      <desc>Closed by Service Agent</desc>
    </status>
  </54>
  <55>
    <customer_contact>
      <department>Billing</department>
      <email>visp@koc.net</email>
      <first_name>Zeliha</first_name>
      <last_name>Ovali</last_name>
      <position>yahooID:zelihao</position>
    </customer_contact>
    <date>
      <date>20090511</date>
      <time>225212</time>
    </date>
    <description>
      <T1>Rating: 4 - VeryGood

Reason for rating: 

Comments:</T1>
    </description>
    <event>
      <code>CCC</code>
      <desc>Closed By Customer</desc>
    </event>
    <person></person>
    <reference></reference>
    <short_desc>Closed By Customer Zeliha Ovali</short_desc>
    <show_to_customer>1</show_to_customer>
    <status>
      <code>CCC</code>
      <desc>Closed by Customer</desc>
    </status>
  </55>
  <6>
    <customer_contact>
      <department>Billing</department>
      <email>visp@koc.net</email>
      <first_name>Zeliha</first_name>
      <last_name>Ovali</last_name>
      <position>yahooID:zelihao</position>
    </customer_contact>
    <date>
      <date>20090227</date>
      <time>165722</time>
    </date>
    <description>
      <T1>Hello,
You may install the udr under 10.100.99.15 (old rts15) and admin to 10.100.99.25.
We would like CDRs to be exported on 10.100.99.15 server.
Also CDRs should be &quot;;&quot; delimeted text files including fields as follows;
ANI
DESTINATION
DNIS
CallingStationId
CALLID
REG_IP_STR
REM_IP_STR
CONNECTION_IP_ADDRESS
USERCODE
MTS
SETUPTIME (date+time in date/time format)
DURATION
trunkid
Calldate
Calltime (hh24:MI:ss)
extrainfo

Regards,
Zeliha
</T1>
    </description>
    <event>
      <code>ARR</code>
      <desc>Incoming Support Call</desc>
    </event>
    <person></person>
    <reference></reference>
    <short_desc>Incoming Support Call From Zeliha Ovali</short_desc>
    <show_to_customer>1</show_to_customer>
    <status>
      <code>ARR</code>
      <desc>New Letter Arrived</desc>
    </status>
  </6>
  <7>
    <customer_contact>
      <department>Billing</department>
      <email>visp@koc.net</email>
      <first_name>Zeliha</first_name>
      <last_name>Ovali</last_name>
      <position>yahooID:zelihao</position>
    </customer_contact>
    <date>
      <date>20090227</date>
      <time>173430</time>
    </date>
    <description>
      <T1>Subject: UDR Server installation
Date:     27/02/2009

Dear Cristian,

Please install the UDR server and admin on Kocnet production system as requested above. 
The application is already installed and configured on test environment as you can see in our previous event. 
Please take into consideration that the kit need to be installed in production should be the one corresponding to the production SP 
(\\10.0.0.233\diskR\Releases\Testing\MINDBill\6.01\6.01.004 SP01.040 (old)\Applications\MINDBill UDR Distribution.zip
and
\\10.0.0.233\diskR\Releases\Testing\MINDBill\6.01\6.01.004 SP01.040 (old)\Applications\MINDBill UDR Distribution Administrator.zip).

Thank you in advance for your help.

In case you need any other information do not hesitate to contact me.

Best regards,


Doina Rosu-Savinoiu
MIND CTI Support Center
Support Specialist

*************************************************
Service Call Data:
Number:    Kocnet / 1244
Received:          27/02/2009
Current Status:   Work in Process
*************************************************
PLEASE DO NOT REPLY TO THIS EMAIL - Use the CRM</T1>
    </description>
    <event>
      <code>TBF</code>
      <desc>Internal Note</desc>
    </event>
    <person>
      <email>doina.rosu@mindcti.com</email>
      <first_name>Doina</first_name>
      <last_name>Rosu-Savinoiu</last_name>
    </person>
    <reference></reference>
    <short_desc>Internal Note From Doina Rosu-Savinoiu</short_desc>
    <show_to_customer>0</show_to_customer>
    <status>
      <code>RFI</code>
      <desc>Req Further Investigation</desc>
    </status>
  </7>
  <8>
    <customer_contact>
      <department>Billing</department>
      <email>visp@koc.net</email>
      <first_name>Zeliha</first_name>
      <last_name>Ovali</last_name>
      <position>yahooID:zelihao</position>
    </customer_contact>
    <date>
      <date>20090228</date>
      <time>003759</time>
    </date>
    <description>
      <T1>Subject: UDR Server installation
Date:     28/02/2009

Hi 

Managed to install the UDR server only on windows machine (10.100.99.25). Unix installer has a lot of issues.. 

Right now is up and running with an agent defined which needs to be modified after the requirements.

Regards,

Cristian Serban
MIND CTI Support Center
Support Specialist

*************************************************
Service Call Data:
Number:    Kocnet / 1244
Received:          27/02/2009
Current Status:   Work in Process
*************************************************
PLEASE DO NOT REPLY TO THIS EMAIL - Use the CRM</T1>
    </description>
    <event>
      <code>TBF</code>
      <desc>Internal Note</desc>
    </event>
    <person>
      <email>cristian.serban@mindcti.com</email>
      <first_name>Cristian</first_name>
      <last_name>Serban</last_name>
    </person>
    <reference></reference>
    <short_desc>Internal Note From Cristian Serban</short_desc>
    <show_to_customer>0</show_to_customer>
    <status>
      <code>RFI</code>
      <desc>Req Further Investigation</desc>
    </status>
  </8>
  <9>
    <customer_contact>
      <department>Billing</department>
      <email>visp@koc.net</email>
      <first_name>Zeliha</first_name>
      <last_name>Ovali</last_name>
      <position>yahooID:zelihao</position>
    </customer_contact>
    <date>
      <date>20090302</date>
      <time>152244</time>
    </date>
    <description>
      <B2>http://62.219.96.62/SupportFTP//000221/00001244/22112449-koc.jpg</B2>
      <T1>Subject: UDR Server installation
Date:     02/03/2009

Hi,

The unix installer fails to set up the SDK java path.

Attached is the screenshot with the SDK selection from the installer.




Cristian Serban
MIND CTI Support Center
Support Specialist

*************************************************
Service Call Data:
Number:    Kocnet / 1244
Received:          27/02/2009
Current Status:   Waiting for Information from You
*************************************************
PLEASE DO NOT REPLY TO THIS EMAIL - Use the CRM</T1>
    </description>
    <event>
      <code>TBF</code>
      <desc>Internal Note</desc>
    </event>
    <person>
      <email>cristian.serban@mindcti.com</email>
      <first_name>Cristian</first_name>
      <last_name>Serban</last_name>
    </person>
    <reference></reference>
    <short_desc>Internal Note From Cristian Serban</short_desc>
    <show_to_customer>0</show_to_customer>
    <status>
      <code>WFI</code>
      <desc>Waiting Further Information</desc>
    </status>
  </9>
</info>
